iso_code,name_zh,name_en,dbip_names,geoname_id,capital_zh,capital_en,capital_geoname_id,latitude,longitude,radius_km
AH,安徽,Anhui,Anhui,1818058,合肥,Hefei,1808722,31.86389,117.28083,250
BJ,北京市,Beijing,Beijing,2038349,北京,Beijing,1816670,39.9075,116.39723,250
CQ,重庆市,Chongqing,Chongqing,1814905,重庆市,Chongqing,1814906,29.56026,106.55771,250
FJ,福建省,Fujian,Fujian,1811017,福州市,Fuzhou,1810821,26.06139,119.30611,250
GD,广东,Guangdong,Guangdong,1809935,广州市,Guangzhou,1809858,23.11667,113.25,250
GS,甘肃,Gansu,Gansu,1810676,兰州市,Lanzhou,1804430,36.05701,103.83987,400
GX,广西,Guangxi,Guangxi,1809867,南宁市,Nanning,1799869,22.81667,108.31667,250
GZ,贵州,Guizhou,Guizhou,1809445,贵阳市,Guiyang,1809461,26.58333,106.71667,250
HA,河南,Henan,Henan,1808520,郑州市,Zhengzhou,1784658,34.75778,113.64861,250
HB,湖北,Hubei,Hubei,1806949,武汉,Wuhan,1791247,30.58333,114.26667,250
HE,河北省,Hebei,Hebei,1808773,石家庄市,Shijiazhuang,1795270,38.04139,114.47861,250
HI,海南,Hainan,Hainan,1809054,海口市,Haikou,1809078,20.03421,110.34651,250
HL,黑龙江,Heilongjiang,Heilongjiang,2036965,哈尔滨市,Harbin,2037013,45.75,126.65,300
HN,湖南,Hunan,Hunan,1806691,长沙,Changsha,1815577,28.19874,112.97087,250
JL,吉林,Jilin,Jilin,2036500,长春,Changchun,2038180,43.88,125.32278,250
JS,江苏,Jiangsu,Jiangsu,1806260,南京,Nanjing,1799962,32.06167,118.77778,250
JX,江西,Jiangxi,Jiangxi,1806222,南昌,Nanchang,1800163,28.68396,115.85306,250
LN,辽宁,Liaoning,Liaoning,2036115,沈阳市,Shenyang,2034937,41.79222,123.43278,250
NM,内蒙古,Inner Mongolia,Inner Mongolia,2035607,呼和浩特,Hohhot,2036892,40.81056,111.65222,500
NX,宁夏,Ningxia,Ningxia,1799355,银川市,Yinchuan,1786657,38.46806,106.27306,250
QH,青海,Qinghai,Qinghai,1280239,西宁市,Xining,1788852,36.62554,101.75739,500
SC,四川,Sichuan,Sichuan,1794299,成都,Chengdu,1815286,30.66667,104.06667,300
SD,山东,Shandong,Shandong,1796328,济南市,Jinan,1805753,36.66833,116.99722,250
SH,上海市,Shanghai,Shanghai,1796231,上海,Shanghai,1796236,31.22222,121.45806,250
SN,陕西,Shaanxi,Shaanxi,1796480,西安,Xi'an,1790630,34.25833,108.92861,250
SX,山西,Shanxi,Shanxi,1795912,太原,Taiyuan,1793511,37.86944,112.56028,250
TJ,天津市,Tianjin,Tianjin,1792943,天津,Tianjin,1792947,39.14222,117.17667,250
XJ,新疆,Xinjiang,Xinjiang,1529047,乌鲁木齐市,UEruemqi,1529102,43.80096,87.60046,500
XZ,西藏自治区,Tibet,Tibet,1279685,拉萨市,Lhasa,1280737,29.65,91.1,500
YN,云南,Yunnan,Yunnan,1785694,昆明,Kunming,1804651,25.03889,102.71833,300
ZJ,浙江,Zhejiang,Zhejiang,1784764,杭州,Hangzhou,1808926,30.29365,120.16142,250
