province_iso,name_zh,name_en,geoname_id,latitude,longitude
AH,安庆市,Anqing,1817993,30.51365,117.04723
AH,亳州,Bozhou,1816234,33.87722,115.77028
AH,池州,Chizhou,1814934,30.66134,117.47783
AH,滁州,Chuzhou,1814757,32.32194,118.29778
AH,阜阳市,Fuyang,1810845,32.9,115.81667
AH,合肥,Hefei,1808722,31.86389,117.28083
AH,淮北,Huaibei,1807700,33.97444,116.79167
AH,六安,Lu'an,1802206,31.73561,116.51688
AH,马鞍山,Ma'anshan,1801620,31.68579,118.51008
AH,宿州市,Suzhou,1793743,33.63611,116.97889
AH,芜湖,Wuhu,1791236,31.35259,118.42947
AH,宣城市,Xuancheng,1788081,30.9525,118.75528
ZJ,杭州,Hangzhou,1808926,30.29365,120.16142
ZJ,湖州,Huzhou,1806535,30.8703,120.0933
ZJ,嘉兴,Jiaxing,1805953,30.7522,120.75
ZJ,金华,Jinhua,1805528,29.10678,119.64421
ZJ,丽水,Lishui,1803245,28.46042,119.91029
ZJ,宁波市,Ningbo,1799397,29.87819,121.54945
ZJ,台州,Taizhou,8400694,28.66266,121.43312
JX,抚州,Fuzhou,1810820,27.95999,116.33333
JX,赣州,Ganzhou,1810638,25.84664,114.9326
JX,吉安,Ji'an,1806445,27.11716,114.97927
JX,景德镇市,Jingdezhen,1805680,29.2947,117.20789
JX,九江市,Jiujiang,1805179,29.70475,116.00206
JX,南昌,Nanchang,1800163,28.68396,115.85306
JX,萍乡,Pingxiang,1798654,27.61672,113.85353
JX,上饶,Shangrao,1787858,28.45179,117.94287
JX,新余,Xinyu,1788508,27.80429,114.93335
JX,宜春,Yichun,1786746,27.83333,114.4
JX,鹰潭市,Yingtan,1786577,28.23333,117
JS,常州市,Changzhou,1815456,31.77359,119.95401
JS,连云港市,Lianyungang,10859300,34.59845,119.21556
JS,南京,Nanjing,1799962,32.06167,118.77778
JS,南通,Nantong,1799722,32.03028,120.87472
JS,宿迁市,Suqian,1793771,33.94917,118.29583
JS,苏州市,Suzhou,1886760,31.30408,120.59538
JS,无锡市,Wuxi,1790923,31.56887,120.28857
JS,徐州市,Xuzhou,10630003,34.20442,117.28386
JS,盐城市,Yancheng,1787746,33.3575,120.1573
JS,镇江市,Zhenjiang,1784642,32.21086,119.45508
JL,白城,Baicheng,2038569,45.61751,122.83302
JL,白山,Baishan,2038584,41.93853,126.41965
JL,长春,Changchun,2038180,43.88,125.32278
JL,吉林市,Jilin,2036502,43.84652,126.5608
JL,辽源市,Longshan,2036109,42.88545,125.1367
JL,松原市,Songyuan,2035399,45.12902,124.82769
JL,通化市,Tonghua,2034414,41.71972,125.92639
JL,延吉市,Yanji,2033467,42.88825,129.50241
QH,玛沁县,Maqin County,7931312,34.47442,100.24496
QH,恰卜恰,Qabqa,1798403,36.28139,100.61306
QH,同仁市,Tongren,1797091,35.51483,102.016
QH,西海镇,Xihai Town,13512504,36.95462,100.89951
QH,西宁市,Xining,1788852,36.62554,101.75739
QH,玉树市,Yushu,1281105,33.00118,97.00893
FJ,福州,Fuzhou,8309983,26.07711,119.29153
FJ,福州市,Fuzhou,1810821,26.06139,119.30611
FJ,龙岩市,Longyan,1802276,25.07485,117.01775
FJ,南平市,Nanping,1799846,26.645,118.17361
FJ,宁德,Ningde,1806097,26.66167,119.52278
FJ,莆田市,Putian,1798449,25.43944,119.01028
FJ,泉州市,Quanzhou,1797353,24.91389,118.58583
FJ,三明市,Sanming,1796663,26.24861,117.61861
FJ,厦门市,Xiamen,1790645,24.47979,118.08187
FJ,漳州市,Zhangzhou,1785018,24.51333,117.65556
HL,大庆,Daqing,2037860,46.58333,125
HL,大兴安岭,Daxing'anling,12446699,52.33385,124.71242
HL,哈尔滨市,Harbin,2037013,45.75,126.65
HL,鹤岗,Hegang,2036986,47.34727,130.29033
HL,黑河市,Heihe,2036973,50.24413,127.49016
HL,佳木斯市,Jiamusi,2036581,46.79711,130.31118
HL,鸡西市,Jixi,2036389,45.29322,130.96217
HL,牡丹江,Mudanjiang,2035715,44.54804,129.62594
HL,齐齐哈尔市,Qiqihar,2035265,47.33922,123.96154
HL,七台河市,Qitaihe,2035261,45.768,130.9953
HL,双鸭山市,Shuangyashan,2034786,46.67686,131.13273
HL,绥化,Suihua,2034655,46.64814,126.96656
HA,安阳市,Anyang,1785294,36.096,114.38278
HA,鹤壁市,Hebi,1808770,35.73231,114.28616
HA,焦作市,Jiaozuo,1805987,35.23925,113.23914
HA,漯河,Luohe,1801934,33.57424,114.03261
HA,洛阳,Luoyang,1801792,34.67345,112.43684
HA,南阳市,Nanyang,1799629,33.00524,112.54659
HA,平顶山市,Pingdingshan,1798827,33.73091,113.31554
HA,濮阳,Puyang,9181182,35.75641,115.04363
HA,三门峡市,Sanmenxia,1796669,34.78081,111.19287
HA,商丘市,Shangqiu,1796134,34.4143,115.65613
HA,新乡市,Xinxiang,1788572,35.19033,113.80151
HA,许昌市,Xuchang,1788046,34.03189,113.86299
HA,郑州市,Zhengzhou,1784658,34.75778,113.64861
HA,周口市,Zhoukou,1784130,33.63333,114.63333
HA,驻马店市,Zhumadian,1783873,32.98385,114.02586
HE,保定市,Baoding,1816971,38.87288,115.46246
HE,沧州市,Cangzhou,1816080,38.31124,116.85334
HE,邯郸,Handan,1808963,36.60999,114.48764
HE,衡水市,Hengshui,1808392,37.73908,115.68348
HE,廊坊市,Langfang,1804540,39.52079,116.71471
HE,秦皇岛,Qinhuangdao,1797595,39.94104,119.58936
HE,石家庄市,Shijiazhuang,1795270,38.04139,114.47861
HE,唐山市,Tangshan,1793346,39.64381,118.18319
HE,邢台市,Xingtai,1788927,37.06217,114.49272
HE,张家口市,Zhangjiakou,2033196,40.78341,114.87139
HN,长沙,Changsha,1815577,28.19874,112.97087
HN,郴州,Chenzhou,1815059,25.8,113.03333
HN,赫山,Heshan,1808316,28.56938,112.34733
HN,怀化市,Huaihua,1807689,27.56337,110.00404
HN,吉首市,Jishou,1805270,28.31925,109.73346
HN,娄底市,Loudi,1802238,27.73444,111.99444
HN,邵阳市,Shaoyang,1816920,27.23818,111.46214
HN,湘潭市,Xiangtan,1790492,27.85,112.9
HN,永州,Yongzhou,1786217,26.42389,111.61306
HN,岳阳,Yueyang,13457912,29.36778,113.12019
HN,张家界,Zhangjiajie,1813171,29.12944,110.47833
HN,株洲,Zhuzhou,1783763,27.83333,113.15
HB,鄂州市,E'zhou,6642286,30.39607,114.88655
HB,恩施市,Enshi,1811720,30.3,109.48333
HB,黄冈市,Huanggang,8537264,30.45143,114.87035
HB,黄石,Huangshi,1807234,30.24706,115.04814
HB,荆门市,Jingmen,1805611,31.03361,112.20472
HB,荆州市,Jingzhou,1805540,30.35028,112.19028
HB,十堰,Shiyan,1794903,32.6475,110.77806
HB,随州市,Suizhou,1793879,31.71111,113.36306
HB,武汉,Wuhan,1791247,30.58333,114.26667
HB,襄阳市,Xiangyang,1790587,32.0422,112.14479
HB,咸宁市,Xianning,1790396,29.84347,114.32201
HB,孝感市,Xiaogan,1790254,30.92689,113.92221
HB,宜昌市,Yichang,1786764,30.71444,111.28472
XJ,阿克苏市,Aqsu,1529660,41.18418,80.27921
XJ,阿图什,Artux,1281743,39.70842,76.17971
XJ,延安北路,Changji,1529569,44.00782,87.30461
XJ,伊梨,Ghulja,1529435,43.91515,81.32151
XJ,克拉玛依,Karamay,1529401,45.58473,84.88724
XJ,喀什,Kashgar,1280849,39.46718,75.98675
XJ,库尔勒市,Korla,1529376,41.76055,86.15231
XJ,塔城市,Tacheng,1529167,46.74535,82.95847
XJ,图木舒克市,Tumxuk,12022102,39.86984,79.06118
XJ,吐鲁番市,Turpan,1529114,42.94769,89.17886
XJ,乌鲁木齐市,UEruemqi,1529102,43.80096,87.60046
XZ,噶尔县,Gar,1280003,32.50124,80.09758
XZ,拉萨市,Lhasa,1280737,29.65,91.1
XZ,山南市,Lhoka,8067345,29.24301,91.77239
XZ,Línzhōu Xiàn,Lhuenzhub,13527051,29.8931,91.26166
XZ,那曲市,Nagqu,1280517,31.47678,92.05729
XZ,昌都市,Qamdo,1280281,31.1304,97.17982
XZ,Qŭshuĭ Xiàn,Quxu,1279681,29.3554,90.73214
XZ,日喀则市,Rikaze,1279715,29.25,88.88333
GS,白银,Baiyin,1817240,36.54696,104.17023
GS,定西,Dingxi,1812749,35.57088,104.62303
GS,嘉峪关市,Jiayuguan,1280957,39.81121,98.28618
GS,金昌,Jinchang,1805733,38.50062,102.19379
GS,酒泉市,Jiuquan,1279945,39.74318,98.51736
GS,兰州市,Lanzhou,1804430,36.05701,103.83987
GS,陇南市,Longnan,11778484,33.39791,104.91703
GS,平凉,Pingliang,1798760,35.53917,106.68611
GS,庆阳市,Qingyang,12359313,35.70976,107.64455
GS,武威,Wuwei,1803936,37.92672,102.63202
GS,张掖,Zhangye,1785036,38.93417,100.45167
GX,百色市,Baise,1816269,23.89013,106.62684
GX,北海市,Beihai,1816705,21.48349,109.11549
GX,崇左,Chongzuo,12159964,22.38161,107.3683
GX,防城港市,Fangchenggang,12269572,21.76945,108.35661
GX,贵港市,Guigang,1809532,23.11603,109.59472
GX,桂林市,Guilin,1809498,25.28022,110.29639
GX,河池市,Hechi,12358476,24.69285,108.08376
GX,贺州市,Hezhou,7576887,24.40357,111.56675
GX,来宾市,Laibin,1804609,23.74743,109.22222
GX,柳州,Liuzhou,1803300,24.32405,109.40698
GX,南宁市,Nanning,1799869,22.81667,108.31667
GX,钦州市,Qinzhou,1797551,21.98247,108.65061
GX,梧州市,Wuzhou,1790840,23.48054,111.28848
GX,玉林,Yulin,12256566,22.65541,110.17819
GZ,安顺市,Anshun,1817968,26.25,105.93333
GZ,毕节,Bijie,1816373,27.30193,105.28627
GZ,贵阳市,Guiyang,1809461,26.58333,106.71667
GZ,凯里市,Kaili,1804866,26.58583,107.97972
GZ,铜仁市,Tongren,1792592,27.71722,109.18528
GZ,遵义,Zunyi,1783621,27.68667,106.90722
LN,朝阳市,Chaoyang,2038120,41.57028,120.45861
LN,抚顺市,Fushun,2037355,41.88669,123.94363
LN,葫芦岛,Huludao,2036662,40.75243,120.83552
LN,盘锦市,Panjin,10794003,41.121,122.0739
LN,沈阳市,Shenyang,2034937,41.79222,123.43278
LN,营口市,Yingkou,2033370,40.66472,122.23176
NM,赤峰,Chifeng,2038067,42.26833,118.96361
NM,呼和浩特,Hohhot,2036892,40.81056,111.65222
NM,呼伦贝尔市,Hulunbuir,12548253,49.21141,119.75582
NM,通辽市,Tongliao,2034400,43.6125,122.26528
NM,乌兰察布市,Ulanqab,8335361,40.993,113.133
NM,乌海,Wuhai,1791249,39.68442,106.81583
NM,锡林浩特市,Xilinhot,8054802,43.93889,116.07021
NX,石嘴山市,Shizuishan,12324556,38.98082,106.3892
NX,吴忠市,Wuzhong,1790842,37.9867,106.201
NX,银川市,Yinchuan,1786657,38.46806,106.27306
NX,中卫,Zhongwei,1784285,37.51129,105.19067
BJ,北京,Beijing,1816670,39.9075,116.39723
SH,上海,Shanghai,1796236,31.22222,121.45806
SX,长治,Changzhi,1808956,36.18389,113.10528
SX,晋城,Jincheng,1805741,35.50222,112.83278
SX,晋中市,Jinzhong,10942283,37.68403,112.75471
SX,吕梁市,Lueliang,13512505,37.5192,111.14436
SX,朔州,Shuozhou,1794328,39.31583,112.4225
SX,太原,Taiyuan,1793511,37.86944,112.56028
SX,忻州,Xinzhou,1788450,38.40917,112.73333
SX,阳泉市,Yangquan,1787351,37.8575,113.56333
SX,运城,Yuncheng,1785738,35.02306,110.99278
SD,滨州市,Binzhou,1816336,37.36667,118.01667
SD,德州市,Dezhou,1812955,37.44661,116.36706
SD,东营市,Dongying,1812101,37.46271,118.49165
SD,菏泽市,Heze,1808198,35.23929,115.47358
SD,济南市,Jinan,1805753,36.66833,116.99722
SD,聊城,Liaocheng,1803834,36.45064,116.00247
SD,临沂,Linyi,1803318,35.06306,118.34278
SD,青岛市,Qingdao,1797929,36.06488,120.38042
SD,日照,Rizhao,9072919,35.41414,119.52908
SD,泰安市,Tai'an,1793724,36.18528,117.12
SD,威海,Weihai,1791673,37.50914,122.11356
SN,安康,Ankang,1789065,32.68,109.01722
SN,宝鸡市,Baoji,10942359,34.36775,107.23705
SN,汉中市,Hanzhong,1808857,33.07507,107.02214
SN,商洛市,Shangluo,1796068,33.86667,109.93056
SN,铜川市,Tongchuan,7064006,34.8988,108.95056
SN,渭南,Weinan,1791636,34.50355,109.50891
SN,西安,Xi'an,1790630,34.25833,108.92861
SN,延安市,Yan'an,1787765,36.59889,109.49167
SN,榆林市,Yulinshi,1785777,38.29181,109.73753
TJ,天津,Tianjin,1792947,39.14222,117.17667
YN,保山市,Baoshan,1281673,25.11626,99.16366
YN,楚雄市,Chuxiong,1814760,25.03639,101.54556
YN,大理市,Dali,1814093,25.58474,100.21229
YN,昆明,Kunming,1804651,25.03889,102.71833
YN,丽江市,Lijiang,1813253,26.86879,100.22072
YN,临沧市,Lincang,1803590,23.87972,100.09455
YN,泸水市,Lushui,13512503,25.8232,98.85853
YN,蒙自市,Mengzi,13512502,23.36779,103.38212
YN,香格里拉,Shangri-La,7910932,27.82511,99.70779
YN,文山市,Wenshan City,8505006,23.36306,104.25047
GD,潮州市,Chaozhou,1815395,23.65396,116.62262
GD,东莞市,Dongguan,1812545,23.01797,113.74866
GD,佛山市,Foshan,1811103,23.02677,113.13148
GD,广州市,Guangzhou,1809858,23.11667,113.25
GD,河源市,Heyuan,1786112,23.73333,114.68333
GD,惠州,Huizhou,1806776,23.11147,114.41523
GD,江门,Jiangmen,1806299,22.58333,113.08333
GD,揭阳,Jieyang,1797121,23.5418,116.36581
GD,茂名,Maoming,1801180,21.66625,110.91364
GD,梅州,Meizhou,1800779,24.28859,116.11768
GD,清远,Qingyuan,1797945,23.7,113.03333
GD,望德堂区,Sao Lazaro,13527316,22.1999,113.54895
GD,风顺堂区,Sao Lourenco,13527318,22.18851,113.53488
GD,汕头市,Shantou,1795940,23.35489,116.67876
GD,汕尾,Shanwei,1795928,22.78199,115.3475
GD,韶关市,Shaoguan,1795874,24.8,113.58333
GD,深圳,Shenzhen,1795565,22.54554,114.0683
GD,阳江,Yangjiang,1806408,21.85563,111.96272
GD,云浮,Yunfu,1785725,22.92787,112.03809
GD,湛江市,Zhanjiang,1784990,21.23391,110.38749
GD,肇庆市,Zhaoqing,1784853,23.04893,112.46091
GD,中山,Zhongshan,6986104,22.52306,113.37912
GD,珠海市,Zhuhai,1790437,22.27694,113.56778
HI,海口市,Haikou,1809078,20.03421,110.34651
HI,琼海市,Qionghai,1806488,19.2425,110.46417
HI,三沙市,Sansha,12382279,16.83912,112.34064
HI,三亚,Sanya,1796556,18.25435,109.50947
HI,万宁市,Wanning,1791779,18.79931,110.3841
HI,五指山市,Wuzhishan,1916012,18.78229,109.5013
SC,马尔康市,Barkam,1816868,31.90059,102.22092
SC,巴中市,Bazhong,11995100,31.8694,106.74432
SC,成都,Chengdu,1815286,30.66667,104.06667
SC,达州,Dazhou,1813325,31.2106,107.46308
SC,德阳市,Deyang,1812961,31.13019,104.38198
SC,广安市,Guang'an,1799194,30.47413,106.63696
SC,广元市,Guangyuan,1806466,32.44201,105.823
SC,康定市,Kangding,1802171,30.00222,101.9569
SC,泸州,Luzhou,1801640,28.8903,105.42575
SC,眉山,Meishan,1800818,30.04392,103.83696
SC,南充,Nanchong,1800146,30.79508,106.08473
SC,攀枝花市,Panzhihua,6929460,26.58509,101.71276
SC,西昌市,Xichang,1789647,27.89642,102.26341
SC,雅安市,Ya'an,1787816,29.98521,102.999
SC,资阳市,Ziyang,1783683,30.12108,104.64811
CQ,重庆市,Chongqing,1814906,29.56026,106.55771
